eventType,platformGameId,eventTime,gameTime,gameOver,gameName,participant,wardType
ward_placed,ESPORTSTMNT01:3294091,2023-01-21T21:08:52.703Z,34424,,109518697661991477|game1,5.0,yellowTrinket
ward_killed,ESPORTSTMNT01:3294091,2023-01-21T21:08:55.450Z,37172,,109518697661991477|game1,,yellowTrinket
ward_placed,ESPORTSTMNT01:3294091,2023-01-21T21:08:55.451Z,37172,,109518697661991477|game1,10.0,unknown
ward_placed,ESPORTSTMNT01:3294091,2023-01-21T21:09:06.641Z,48362,,109518697661991477|game1,2.0,yellowTrinket
ward_placed,ESPORTSTMNT01:3294091,2023-01-21T21:09:39.254Z,80975,,109518697661991477|game1,3.0,yellowTrinket
ward_placed,ESPORTSTMNT01:3294091,2023-01-21T21:09:39.320Z,81041,,109518697661991477|game1,9.0,yellowTrinket
ward_placed,ESPORTSTMNT01:3294091,2023-01-21T21:10:00.730Z,102451,,109518697661991477|game1,1.0,yellowTrinket
ward_killed,ESPORTSTMNT01:3294091,2023-01-21T21:10:01.066Z,102787,,109518697661991477|game1,,unknown
ward_placed,ESPORTSTMNT01:3294091,2023-01-21T21:10:39.103Z,140823,,109518697661991477|game1,8.0,yellowTrinket
ward_placed,ESPORTSTMNT01:3294091,2023-01-21T21:10:52.604Z,154324,,109518697661991477|game1,4.0,yellowTrinket
ward_placed,ESPORTSTMNT01:3294091,2023-01-21T21:11:12.522Z,174243,,109518697661991477|game1,10.0,yellowTrinket
ward_placed,ESPORTSTMNT01:3294091,2023-01-21T21:11:58.012Z,219732,,109518697661991477|game1,5.0,control
ward_placed,ESPORTSTMNT01:3294091,2023-01-21T21:12:07.706Z,229426,,109518697661991477|game1,6.0,yellowTrinket
ward_placed,ESPORTSTMNT01:3294091,2023-01-21T21:12:09.314Z,231034,,109518697661991477|game1,8.0,yellowTrinket
ward_placed,ESPORTSTMNT01:3294091,2023-01-21T21:12:18.689Z,240409,,109518697661991477|game1,1.0,yellowTrinket
ward_killed,ESPORTSTMNT01:3294091,2023-01-21T21:12:23.837Z,245558,,109518697661991477|game1,,yellowTrinket
ward_placed,ESPORTSTMNT01:3294091,2023-01-21T21:12:24.890Z,246596,,109518697661991477|game1,10.0,unknown
ward_killed,ESPORTSTMNT01:3294091,2023-01-21T21:12:25.448Z,247168,,109518697661991477|game1,,yellowTrinket
ward_placed,ESPORTSTMNT01:3294091,2023-01-21T21:12:33.211Z,254931,,109518697661991477|game1,4.0,yellowTrinket
ward_killed,ESPORTSTMNT01:3294091,2023-01-21T21:12:45.857Z,267577,,109518697661991477|game1,,yellowTrinket
ward_placed,ESPORTSTMNT01:3294091,2023-01-21T21:13:17.410Z,299130,,109518697661991477|game1,3.0,yellowTrinket
ward_placed,ESPORTSTMNT01:3294091,2023-01-21T21:13:46.660Z,328379,,109518697661991477|game1,2.0,control
ward_placed,ESPORTSTMNT01:3294091,2023-01-21T21:13:53.446Z,335164,,109518697661991477|game1,7.0,control
ward_placed,ESPORTSTMNT01:3294091,2023-01-21T21:14:02.156Z,343875,,109518697661991477|game1,6.0,yellowTrinket
ward_placed,ESPORTSTMNT01:3294091,2023-01-21T21:14:17.961Z,359678,,109518697661991477|game1,8.0,control
ward_placed,ESPORTSTMNT01:3294091,2023-01-21T21:14:30.665Z,372384,,109518697661991477|game1,10.0,yellowTrinket
ward_killed,ESPORTSTMNT01:3294091,2023-01-21T21:15:20.948Z,422666,,109518697661991477|game1,,yellowTrinket
ward_placed,ESPORTSTMNT01:3294091,2023-01-21T21:15:53.813Z,455533,,109518697661991477|game1,1.0,yellowTrinket
ward_placed,ESPORTSTMNT01:3294091,2023-01-21T21:15:56.306Z,458025,,109518697661991477|game1,10.0,control
ward_placed,ESPORTSTMNT01:3294091,2023-01-21T21:16:12.283Z,474002,,109518697661991477|game1,2.0,control
ward_placed,ESPORTSTMNT01:3294091,2023-01-21T21:16:15.950Z,477670,,109518697661991477|game1,8.0,yellowTrinket
ward_placed,ESPORTSTMNT01:3294091,2023-01-21T21:16:16.219Z,477938,,109518697661991477|game1,10.0,yellowTrinket
ward_placed,ESPORTSTMNT01:3294091,2023-01-21T21:16:17.863Z,479581,,109518697661991477|game1,6.0,control
ward_placed,ESPORTSTMNT01:3294091,2023-01-21T21:16:20.141Z,481860,,109518697661991477|game1,6.0,yellowTrinket
ward_killed,ESPORTSTMNT01:3294091,2023-01-21T21:16:27.507Z,489226,,109518697661991477|game1,,yellowTrinket
ward_placed,ESPORTSTMNT01:3294091,2023-01-21T21:16:31.675Z,493394,,109518697661991477|game1,3.0,yellowTrinket
ward_killed,ESPORTSTMNT01:3294091,2023-01-21T21:16:37.143Z,498862,,109518697661991477|game1,,control
ward_placed,ESPORTSTMNT01:3294091,2023-01-21T21:16:37.346Z,499063,,109518697661991477|game1,10.0,unknown
ward_placed,ESPORTSTMNT01:3294091,2023-01-21T21:16:38.119Z,499838,,109518697661991477|game1,8.0,control
ward_placed,ESPORTSTMNT01:3294091,2023-01-21T21:16:41.222Z,502940,,109518697661991477|game1,9.0,yellowTrinket
ward_killed,ESPORTSTMNT01:3294091,2023-01-21T21:16:42.466Z,504185,,109518697661991477|game1,,yellowTrinket
ward_killed,ESPORTSTMNT01:3294091,2023-01-21T21:16:56.158Z,517878,,109518697661991477|game1,,control
ward_placed,ESPORTSTMNT01:3294091,2023-01-21T21:17:05.555Z,527272,,109518697661991477|game1,10.0,unknown
ward_placed,ESPORTSTMNT01:3294091,2023-01-21T21:17:19.368Z,541085,,109518697661991477|game1,10.0,unknown
ward_placed,ESPORTSTMNT01:3294091,2023-01-21T21:17:26.302Z,548021,,109518697661991477|game1,5.0,sight
ward_placed,ESPORTSTMNT01:3294091,2023-01-21T21:17:31.224Z,552925,,109518697661991477|game1,10.0,unknown
ward_placed,ESPORTSTMNT01:3294091,2023-01-21T21:18:23.508Z,605225,,109518697661991477|game1,10.0,unknown
ward_placed,ESPORTSTMNT01:3294091,2023-01-21T21:18:36.334Z,618053,,109518697661991477|game1,4.0,yellowTrinket
ward_placed,ESPORTSTMNT01:3294091,2023-01-21T21:18:42.928Z,624645,,109518697661991477|game1,3.0,control
ward_placed,ESPORTSTMNT01:3294091,2023-01-21T21:18:54.417Z,636134,,109518697661991477|game1,2.0,control
ward_placed,ESPORTSTMNT01:3294091,2023-01-21T21:18:56.632Z,638350,,109518697661991477|game1,6.0,yellowTrinket
ward_placed,ESPORTSTMNT01:3294091,2023-01-21T21:18:59.058Z,640775,,109518697661991477|game1,8.0,control
ward_placed,ESPORTSTMNT01:3294091,2023-01-21T21:19:01.968Z,643686,,109518697661991477|game1,8.0,yellowTrinket
ward_placed,ESPORTSTMNT01:3294091,2023-01-21T21:19:17.655Z,659374,,109518697661991477|game1,5.0,sight
ward_killed,ESPORTSTMNT01:3294091,2023-01-21T21:19:22.790Z,664505,,109518697661991477|game1,,control
ward_placed,ESPORTSTMNT01:3294091,2023-01-21T21:19:24.131Z,665851,,109518697661991477|game1,5.0,sight
ward_placed,ESPORTSTMNT01:3294091,2023-01-21T21:19:30.876Z,672594,,109518697661991477|game1,5.0,control
ward_placed,ESPORTSTMNT01:3294091,2023-01-21T21:19:33.001Z,674719,,109518697661991477|game1,4.0,control
ward_killed,ESPORTSTMNT01:3294091,2023-01-21T21:19:36.362Z,678082,,109518697661991477|game1,,control
ward_placed,ESPORTSTMNT01:3294091,2023-01-21T21:19:36.431Z,678149,,109518697661991477|game1,4.0,yellowTrinket
ward_placed,ESPORTSTMNT01:3294091,2023-01-21T21:19:37.205Z,678922,,109518697661991477|game1,10.0,unknown
ward_placed,ESPORTSTMNT01:3294091,2023-01-21T21:19:39.049Z,680768,,109518697661991477|game1,7.0,control
ward_placed,ESPORTSTMNT01:3294091,2023-01-21T21:19:42.136Z,683855,,109518697661991477|game1,5.0,sight
ward_killed,ESPORTSTMNT01:3294091,2023-01-21T21:19:44.691Z,686409,,109518697661991477|game1,,sight
ward_placed,ESPORTSTMNT01:3294091,2023-01-21T21:19:44.691Z,686409,,109518697661991477|game1,10.0,unknown
ward_killed,ESPORTSTMNT01:3294091,2023-01-21T21:19:54.376Z,696095,,109518697661991477|game1,,control
ward_killed,ESPORTSTMNT01:3294091,2023-01-21T21:19:56.294Z,698010,,109518697661991477|game1,,sight
ward_placed,ESPORTSTMNT01:3294091,2023-01-21T21:19:57.168Z,698887,,109518697661991477|game1,10.0,control
ward_placed,ESPORTSTMNT01:3294091,2023-01-21T21:19:59.817Z,701534,,109518697661991477|game1,6.0,control
ward_placed,ESPORTSTMNT01:3294091,2023-01-21T21:20:02.100Z,703815,,109518697661991477|game1,10.0,unknown
ward_placed,ESPORTSTMNT01:3294091,2023-01-21T21:20:09.253Z,710971,,109518697661991477|game1,3.0,yellowTrinket
ward_placed,ESPORTSTMNT01:3294091,2023-01-21T21:20:14.860Z,716578,,109518697661991477|game1,9.0,yellowTrinket
ward_placed,ESPORTSTMNT01:3294091,2023-01-21T21:20:31.324Z,733041,,109518697661991477|game1,10.0,unknown
ward_placed,ESPORTSTMNT01:3294091,2023-01-21T21:20:54.698Z,756391,,109518697661991477|game1,10.0,unknown
ward_placed,ESPORTSTMNT01:3294091,2023-01-21T21:20:59.844Z,761562,,109518697661991477|game1,8.0,blueTrinket
ward_killed,ESPORTSTMNT01:3294091,2023-01-21T21:21:12.273Z,773991,,109518697661991477|game1,,blueTrinket
ward_killed,ESPORTSTMNT01:3294091,2023-01-21T21:21:46.560Z,808278,,109518697661991477|game1,,sight
ward_placed,ESPORTSTMNT01:3294091,2023-01-21T21:21:46.561Z,808278,,109518697661991477|game1,10.0,unknown
ward_killed,ESPORTSTMNT01:3294091,2023-01-21T21:21:51.593Z,813311,,109518697661991477|game1,,yellowTrinket
ward_placed,ESPORTSTMNT01:3294091,2023-01-21T21:21:51.594Z,813311,,109518697661991477|game1,10.0,unknown
ward_killed,ESPORTSTMNT01:3294091,2023-01-21T21:21:53.402Z,815120,,109518697661991477|game1,,control
ward_placed,ESPORTSTMNT01:3294091,2023-01-21T21:21:53.404Z,815120,,109518697661991477|game1,10.0,unknown
ward_placed,ESPORTSTMNT01:3294091,2023-01-21T21:21:55.490Z,817208,,109518697661991477|game1,10.0,sight
ward_killed,ESPORTSTMNT01:3294091,2023-01-21T21:22:08.814Z,830532,,109518697661991477|game1,,control
ward_placed,ESPORTSTMNT01:3294091,2023-01-21T21:22:08.815Z,830532,,109518697661991477|game1,10.0,unknown
ward_placed,ESPORTSTMNT01:3294091,2023-01-21T21:22:14.050Z,835762,,109518697661991477|game1,10.0,unknown
ward_placed,ESPORTSTMNT01:3294091,2023-01-21T21:22:15.489Z,837207,,109518697661991477|game1,10.0,sight
ward_placed,ESPORTSTMNT01:3294091,2023-01-21T21:22:29.343Z,851061,,109518697661991477|game1,3.0,blueTrinket
ward_placed,ESPORTSTMNT01:3294091,2023-01-21T21:22:30.258Z,851971,,109518697661991477|game1,10.0,unknown
ward_placed,ESPORTSTMNT01:3294091,2023-01-21T21:22:34.141Z,855859,,109518697661991477|game1,5.0,control
ward_placed,ESPORTSTMNT01:3294091,2023-01-21T21:22:38.322Z,860038,,109518697661991477|game1,3.0,control
ward_killed,ESPORTSTMNT01:3294091,2023-01-21T21:22:39.705Z,861422,,109518697661991477|game1,,sight
ward_placed,ESPORTSTMNT01:3294091,2023-01-21T21:22:41.730Z,863445,,109518697661991477|game1,2.0,control
ward_placed,ESPORTSTMNT01:3294091,2023-01-21T21:22:45.866Z,867583,,109518697661991477|game1,5.0,sight
ward_placed,ESPORTSTMNT01:3294091,2023-01-21T21:22:48.181Z,869899,,109518697661991477|game1,6.0,yellowTrinket
ward_killed,ESPORTSTMNT01:3294091,2023-01-21T21:22:55.268Z,876986,,109518697661991477|game1,,yellowTrinket
ward_killed,ESPORTSTMNT01:3294091,2023-01-21T21:22:57.185Z,878902,,109518697661991477|game1,,control
ward_killed,ESPORTSTMNT01:3294091,2023-01-21T21:23:04.404Z,886122,,109518697661991477|game1,,control
ward_placed,ESPORTSTMNT01:3294091,2023-01-21T21:23:06.226Z,887940,,109518697661991477|game1,4.0,control
ward_killed,ESPORTSTMNT01:3294091,2023-01-21T21:23:09.217Z,890935,,109518697661991477|game1,,unknown
ward_placed,ESPORTSTMNT01:3294091,2023-01-21T21:23:11.537Z,893254,,109518697661991477|game1,7.0,control
ward_placed,ESPORTSTMNT01:3294091,2023-01-21T21:23:14.394Z,896111,,109518697661991477|game1,9.0,blueTrinket
ward_placed,ESPORTSTMNT01:3294091,2023-01-21T21:23:18.971Z,900684,,109518697661991477|game1,10.0,unknown
ward_killed,ESPORTSTMNT01:3294091,2023-01-21T21:23:19.203Z,900920,,109518697661991477|game1,,blueTrinket
ward_placed,ESPORTSTMNT01:3294091,2023-01-21T21:23:19.204Z,900920,,109518697661991477|game1,10.0,unknown
ward_placed,ESPORTSTMNT01:3294091,2023-01-21T21:23:27.317Z,909027,,109518697661991477|game1,10.0,unknown
ward_placed,ESPORTSTMNT01:3294091,2023-01-21T21:23:27.945Z,909662,,109518697661991477|game1,8.0,blueTrinket
ward_placed,ESPORTSTMNT01:3294091,2023-01-21T21:23:32.295Z,914013,,109518697661991477|game1,1.0,control
ward_killed,ESPORTSTMNT01:3294091,2023-01-21T21:23:34.510Z,916228,,109518697661991477|game1,,blueTrinket
ward_killed,ESPORTSTMNT01:3294091,2023-01-21T21:23:39.195Z,920913,,109518697661991477|game1,,control
ward_killed,ESPORTSTMNT01:3294091,2023-01-21T21:23:46.112Z,927829,,109518697661991477|game1,,unknown
ward_killed,ESPORTSTMNT01:3294091,2023-01-21T21:23:49.646Z,931363,,109518697661991477|game1,,control
ward_placed,ESPORTSTMNT01:3294091,2023-01-21T21:23:53.981Z,935699,,109518697661991477|game1,5.0,sight
ward_killed,ESPORTSTMNT01:3294091,2023-01-21T21:24:01.745Z,943463,,109518697661991477|game1,,control
ward_placed,ESPORTSTMNT01:3294091,2023-01-21T21:24:02.854Z,944571,,109518697661991477|game1,10.0,sight
ward_placed,ESPORTSTMNT01:3294091,2023-01-21T21:24:05.613Z,947328,,109518697661991477|game1,10.0,unknown
ward_placed,ESPORTSTMNT01:3294091,2023-01-21T21:24:11.563Z,953278,,109518697661991477|game1,10.0,unknown
ward_killed,ESPORTSTMNT01:3294091,2023-01-21T21:24:20.695Z,962412,,109518697661991477|game1,,sight
ward_placed,ESPORTSTMNT01:3294091,2023-01-21T21:24:20.697Z,962412,,109518697661991477|game1,10.0,unknown
ward_killed,ESPORTSTMNT01:3294091,2023-01-21T21:24:22.302Z,964018,,109518697661991477|game1,,control
ward_placed,ESPORTSTMNT01:3294091,2023-01-21T21:24:24.346Z,966062,,109518697661991477|game1,5.0,sight
ward_placed,ESPORTSTMNT01:3294091,2023-01-21T21:24:31.749Z,973464,,109518697661991477|game1,10.0,unknown
ward_placed,ESPORTSTMNT01:3294091,2023-01-21T21:24:33.355Z,975074,,109518697661991477|game1,5.0,sight
ward_placed,ESPORTSTMNT01:3294091,2023-01-21T21:25:07.306Z,1009022,,109518697661991477|game1,3.0,blueTrinket
ward_killed,ESPORTSTMNT01:3294091,2023-01-21T21:25:08.821Z,1010536,,109518697661991477|game1,,sight
ward_killed,ESPORTSTMNT01:3294091,2023-01-21T21:25:18.353Z,1020069,,109518697661991477|game1,,unknown
ward_placed,ESPORTSTMNT01:3294091,2023-01-21T21:25:19.239Z,1020956,,109518697661991477|game1,5.0,sight
ward_killed,ESPORTSTMNT01:3294091,2023-01-21T21:25:29.043Z,1030760,,109518697661991477|game1,,control
ward_killed,ESPORTSTMNT01:3294091,2023-01-21T21:25:33.208Z,1034923,,109518697661991477|game1,,sight
ward_placed,ESPORTSTMNT01:3294091,2023-01-21T21:25:33.209Z,1034923,,109518697661991477|game1,10.0,unknown
ward_placed,ESPORTSTMNT01:3294091,2023-01-21T21:25:34.314Z,1036031,,109518697661991477|game1,9.0,control
ward_killed,ESPORTSTMNT01:3294091,2023-01-21T21:25:37.034Z,1038751,,109518697661991477|game1,,sight
ward_placed,ESPORTSTMNT01:3294091,2023-01-21T21:25:39.017Z,1040734,,109518697661991477|game1,10.0,control
ward_placed,ESPORTSTMNT01:3294091,2023-01-21T21:25:42.913Z,1044628,,109518697661991477|game1,10.0,unknown
ward_placed,ESPORTSTMNT01:3294091,2023-01-21T21:25:47.278Z,1048995,,109518697661991477|game1,8.0,blueTrinket
ward_killed,ESPORTSTMNT01:3294091,2023-01-21T21:25:47.381Z,1049096,,109518697661991477|game1,,sight
ward_placed,ESPORTSTMNT01:3294091,2023-01-21T21:25:47.382Z,1049096,,109518697661991477|game1,10.0,unknown
ward_placed,ESPORTSTMNT01:3294091,2023-01-21T21:25:49.863Z,1051578,,109518697661991477|game1,10.0,unknown
ward_placed,ESPORTSTMNT01:3294091,2023-01-21T21:25:55.279Z,1056996,,109518697661991477|game1,10.0,sight
ward_placed,ESPORTSTMNT01:3294091,2023-01-21T21:25:55.846Z,1057564,,109518697661991477|game1,6.0,yellowTrinket
ward_killed,ESPORTSTMNT01:3294091,2023-01-21T21:25:59.241Z,1060958,,109518697661991477|game1,,yellowTrinket
ward_placed,ESPORTSTMNT01:3294091,2023-01-21T21:26:01.686Z,1063403,,109518697661991477|game1,10.0,sight
ward_killed,ESPORTSTMNT01:3294091,2023-01-21T21:26:04.968Z,1066686,,109518697661991477|game1,,control
ward_placed,ESPORTSTMNT01:3294091,2023-01-21T21:26:09.863Z,1071579,,109518697661991477|game1,4.0,blueTrinket
ward_killed,ESPORTSTMNT01:3294091,2023-01-21T21:26:11.740Z,1073457,,109518697661991477|game1,,sight
ward_killed,ESPORTSTMNT01:3294091,2023-01-21T21:26:12.375Z,1074092,,109518697661991477|game1,,blueTrinket
ward_placed,ESPORTSTMNT01:3294091,2023-01-21T21:26:17.269Z,1078984,,109518697661991477|game1,2.0,control
ward_killed,ESPORTSTMNT01:3294091,2023-01-21T21:26:20.899Z,1082616,,109518697661991477|game1,,control
ward_placed,ESPORTSTMNT01:3294091,2023-01-21T21:26:23.387Z,1085102,,109518697661991477|game1,5.0,control
ward_placed,ESPORTSTMNT01:3294091,2023-01-21T21:26:25.728Z,1087445,,109518697661991477|game1,5.0,sight
ward_killed,ESPORTSTMNT01:3294091,2023-01-21T21:26:28.103Z,1089819,,109518697661991477|game1,,blueTrinket
ward_placed,ESPORTSTMNT01:3294091,2023-01-21T21:26:28.974Z,1090690,,109518697661991477|game1,10.0,control
ward_killed,ESPORTSTMNT01:3294091,2023-01-21T21:26:30.586Z,1092303,,109518697661991477|game1,,unknown
ward_killed,ESPORTSTMNT01:3294091,2023-01-21T21:26:31.424Z,1093141,,109518697661991477|game1,,sight
ward_placed,ESPORTSTMNT01:3294091,2023-01-21T21:26:31.426Z,1093141,,109518697661991477|game1,10.0,unknown
ward_placed,ESPORTSTMNT01:3294091,2023-01-21T21:26:33.639Z,1095356,,109518697661991477|game1,1.0,control
ward_placed,ESPORTSTMNT01:3294091,2023-01-21T21:26:34.210Z,1095926,,109518697661991477|game1,5.0,sight
ward_placed,ESPORTSTMNT01:3294091,2023-01-21T21:26:46.158Z,1107875,,109518697661991477|game1,5.0,sight
ward_placed,ESPORTSTMNT01:3294091,2023-01-21T21:26:52.435Z,1114151,,109518697661991477|game1,10.0,sight
ward_placed,ESPORTSTMNT01:3294091,2023-01-21T21:27:22.443Z,1144158,,109518697661991477|game1,7.0,control
ward_placed,ESPORTSTMNT01:3294091,2023-01-21T21:27:23.183Z,1144899,,109518697661991477|game1,4.0,control
ward_placed,ESPORTSTMNT01:3294091,2023-01-21T21:27:30.880Z,1152596,,109518697661991477|game1,5.0,sight
ward_killed,ESPORTSTMNT01:3294091,2023-01-21T21:27:34.564Z,1156280,,109518697661991477|game1,,control
ward_placed,ESPORTSTMNT01:3294091,2023-01-21T21:27:34.870Z,1156583,,109518697661991477|game1,10.0,unknown
ward_killed,ESPORTSTMNT01:3294091,2023-01-21T21:27:35.842Z,1157559,,109518697661991477|game1,,unknown
ward_placed,ESPORTSTMNT01:3294091,2023-01-21T21:27:38.302Z,1160019,,109518697661991477|game1,3.0,blueTrinket
ward_killed,ESPORTSTMNT01:3294091,2023-01-21T21:27:44.398Z,1166114,,109518697661991477|game1,,sight
ward_placed,ESPORTSTMNT01:3294091,2023-01-21T21:27:48.427Z,1170144,,109518697661991477|game1,6.0,yellowTrinket
ward_killed,ESPORTSTMNT01:3294091,2023-01-21T21:27:53.361Z,1175078,,109518697661991477|game1,,sight
ward_placed,ESPORTSTMNT01:3294091,2023-01-21T21:28:00.403Z,1182117,,109518697661991477|game1,10.0,unknown
ward_placed,ESPORTSTMNT01:3294091,2023-01-21T21:28:03.743Z,1185460,,109518697661991477|game1,5.0,sight
ward_killed,ESPORTSTMNT01:3294091,2023-01-21T21:28:05.277Z,1186993,,109518697661991477|game1,,yellowTrinket
ward_killed,ESPORTSTMNT01:3294091,2023-01-21T21:28:07.263Z,1188979,,109518697661991477|game1,,control
ward_placed,ESPORTSTMNT01:3294091,2023-01-21T21:28:09.747Z,1191461,,109518697661991477|game1,5.0,control
ward_placed,ESPORTSTMNT01:3294091,2023-01-21T21:28:09.778Z,1191494,,109518697661991477|game1,8.0,blueTrinket
ward_killed,ESPORTSTMNT01:3294091,2023-01-21T21:28:10.547Z,1192264,,109518697661991477|game1,,blueTrinket
ward_placed,ESPORTSTMNT01:3294091,2023-01-21T21:28:10.882Z,1192599,,109518697661991477|game1,10.0,sight
ward_placed,ESPORTSTMNT01:3294091,2023-01-21T21:28:16.514Z,1198230,,109518697661991477|game1,5.0,sight
ward_placed,ESPORTSTMNT01:3294091,2023-01-21T21:28:26.051Z,1207764,,109518697661991477|game1,10.0,unknown
ward_killed,ESPORTSTMNT01:3294091,2023-01-21T21:28:28.031Z,1209746,,109518697661991477|game1,,sight
ward_placed,ESPORTSTMNT01:3294091,2023-01-21T21:28:34.607Z,1216320,,109518697661991477|game1,10.0,unknown
ward_placed,ESPORTSTMNT01:3294091,2023-01-21T21:28:37.853Z,1219569,,109518697661991477|game1,9.0,blueTrinket
ward_killed,ESPORTSTMNT01:3294091,2023-01-21T21:29:13.070Z,1254787,,109518697661991477|game1,,control
ward_killed,ESPORTSTMNT01:3294091,2023-01-21T21:29:19.591Z,1261306,,109518697661991477|game1,,sight
ward_killed,ESPORTSTMNT01:3294091,2023-01-21T21:29:19.657Z,1261374,,109518697661991477|game1,,blueTrinket
ward_placed,ESPORTSTMNT01:3294091,2023-01-21T21:29:32.713Z,1274428,,109518697661991477|game1,10.0,sight
ward_placed,ESPORTSTMNT01:3294091,2023-01-21T21:29:35.132Z,1276848,,109518697661991477|game1,2.0,control
ward_placed,ESPORTSTMNT01:3294091,2023-01-21T21:29:39.711Z,1281424,,109518697661991477|game1,4.0,blueTrinket
ward_placed,ESPORTSTMNT01:3294091,2023-01-21T21:29:39.832Z,1281526,,109518697661991477|game1,10.0,unknown
ward_placed,ESPORTSTMNT01:3294091,2023-01-21T21:29:57.824Z,1299540,,109518697661991477|game1,10.0,sight
ward_placed,ESPORTSTMNT01:3294091,2023-01-21T21:29:59.937Z,1301650,,109518697661991477|game1,10.0,unknown
ward_placed,ESPORTSTMNT01:3294091,2023-01-21T21:30:03.495Z,1305207,,109518697661991477|game1,10.0,unknown
ward_placed,ESPORTSTMNT01:3294091,2023-01-21T21:30:04.134Z,1305849,,109518697661991477|game1,3.0,blueTrinket
ward_placed,ESPORTSTMNT01:3294091,2023-01-21T21:30:04.233Z,1305949,,109518697661991477|game1,5.0,sight
ward_placed,ESPORTSTMNT01:3294091,2023-01-21T21:30:05.678Z,1307391,,109518697661991477|game1,10.0,control
ward_placed,ESPORTSTMNT01:3294091,2023-01-21T21:30:06.416Z,1308128,,109518697661991477|game1,3.0,control
ward_killed,ESPORTSTMNT01:3294091,2023-01-21T21:30:24.313Z,1326024,,109518697661991477|game1,,sight
ward_placed,ESPORTSTMNT01:3294091,2023-01-21T21:30:25.043Z,1326757,,109518697661991477|game1,5.0,control
ward_killed,ESPORTSTMNT01:3294091,2023-01-21T21:30:27.726Z,1329442,,109518697661991477|game1,,control
ward_placed,ESPORTSTMNT01:3294091,2023-01-21T21:30:28.397Z,1330112,,109518697661991477|game1,5.0,sight
ward_killed,ESPORTSTMNT01:3294091,2023-01-21T21:30:32.764Z,1334479,,109518697661991477|game1,,sight
ward_placed,ESPORTSTMNT01:3294091,2023-01-21T21:30:32.899Z,1334614,,109518697661991477|game1,5.0,sight
ward_placed,ESPORTSTMNT01:3294091,2023-01-21T21:30:35.953Z,1337667,,109518697661991477|game1,1.0,control
ward_placed,ESPORTSTMNT01:3294091,2023-01-21T21:30:50.978Z,1352695,,109518697661991477|game1,6.0,yellowTrinket
ward_placed,ESPORTSTMNT01:3294091,2023-01-21T21:30:56.084Z,1357799,,109518697661991477|game1,5.0,sight
ward_placed,ESPORTSTMNT01:3294091,2023-01-21T21:30:58.196Z,1359912,,109518697661991477|game1,8.0,blueTrinket
ward_killed,ESPORTSTMNT01:3294091,2023-01-21T21:30:59.401Z,1361117,,109518697661991477|game1,,blueTrinket
ward_killed,ESPORTSTMNT01:3294091,2023-01-21T21:31:13.762Z,1375478,,109518697661991477|game1,,sight
ward_placed,ESPORTSTMNT01:3294091,2023-01-21T21:31:21.192Z,1382907,,109518697661991477|game1,8.0,control
ward_killed,ESPORTSTMNT01:3294091,2023-01-21T21:31:23.560Z,1385276,,109518697661991477|game1,,sight
ward_placed,ESPORTSTMNT01:3294091,2023-01-21T21:31:29.166Z,1390880,,109518697661991477|game1,4.0,control
ward_placed,ESPORTSTMNT01:3294091,2023-01-21T21:31:29.802Z,1391518,,109518697661991477|game1,10.0,control
ward_killed,ESPORTSTMNT01:3294091,2023-01-21T21:31:32.283Z,1393999,,109518697661991477|game1,,blueTrinket
ward_placed,ESPORTSTMNT01:3294091,2023-01-21T21:31:35.373Z,1397089,,109518697661991477|game1,5.0,sight
ward_placed,ESPORTSTMNT01:3294091,2023-01-21T21:31:36.331Z,1398029,,109518697661991477|game1,10.0,unknown
ward_placed,ESPORTSTMNT01:3294091,2023-01-21T21:31:46.516Z,1408230,,109518697661991477|game1,9.0,blueTrinket
ward_killed,ESPORTSTMNT01:3294091,2023-01-21T21:31:50.204Z,1411919,,109518697661991477|game1,,blueTrinket
ward_placed,ESPORTSTMNT01:3294091,2023-01-21T21:31:51.515Z,1413226,,109518697661991477|game1,10.0,unknown
ward_placed,ESPORTSTMNT01:3294091,2023-01-21T21:31:56.735Z,1418450,,109518697661991477|game1,10.0,sight
ward_placed,ESPORTSTMNT01:3294091,2023-01-21T21:31:57.918Z,1419625,,109518697661991477|game1,10.0,unknown
ward_placed,ESPORTSTMNT01:3294091,2023-01-21T21:31:59.445Z,1421158,,109518697661991477|game1,5.0,sight
ward_killed,ESPORTSTMNT01:3294091,2023-01-21T21:32:00.749Z,1422464,,109518697661991477|game1,,control
ward_placed,ESPORTSTMNT01:3294091,2023-01-21T21:32:00.750Z,1422464,,109518697661991477|game1,10.0,unknown
ward_placed,ESPORTSTMNT01:3294091,2023-01-21T21:32:16.267Z,1437983,,109518697661991477|game1,5.0,sight
ward_placed,ESPORTSTMNT01:3294091,2023-01-21T21:32:34.391Z,1456101,,109518697661991477|game1,10.0,unknown
ward_placed,ESPORTSTMNT01:3294091,2023-01-21T21:32:36.910Z,1458623,,109518697661991477|game1,10.0,unknown
ward_placed,ESPORTSTMNT01:3294091,2023-01-21T21:32:38.586Z,1460302,,109518697661991477|game1,5.0,sight
ward_placed,ESPORTSTMNT01:3294091,2023-01-21T21:32:41.948Z,1463663,,109518697661991477|game1,5.0,control
ward_killed,ESPORTSTMNT01:3294091,2023-01-21T21:32:58.152Z,1479865,,109518697661991477|game1,,control
ward_killed,ESPORTSTMNT01:3294091,2023-01-21T21:33:16.431Z,1498144,,109518697661991477|game1,,blueTrinket
ward_killed,ESPORTSTMNT01:3294091,2023-01-21T21:33:21.668Z,1503383,,109518697661991477|game1,,sight
ward_killed,ESPORTSTMNT01:3294091,2023-01-21T21:33:25.436Z,1507150,,109518697661991477|game1,,control
ward_placed,ESPORTSTMNT01:3294091,2023-01-21T21:33:25.438Z,1507150,,109518697661991477|game1,10.0,unknown
ward_placed,ESPORTSTMNT01:3294091,2023-01-21T21:33:26.376Z,1508090,,109518697661991477|game1,8.0,control
ward_placed,ESPORTSTMNT01:3294091,2023-01-21T21:33:30.507Z,1512222,,109518697661991477|game1,8.0,blueTrinket
ward_killed,ESPORTSTMNT01:3294091,2023-01-21T21:33:31.112Z,1512827,,109518697661991477|game1,,control
ward_placed,ESPORTSTMNT01:3294091,2023-01-21T21:33:31.113Z,1512827,,109518697661991477|game1,10.0,unknown
ward_killed,ESPORTSTMNT01:3294091,2023-01-21T21:33:33.056Z,1514771,,109518697661991477|game1,,control
ward_placed,ESPORTSTMNT01:3294091,2023-01-21T21:33:41.403Z,1523118,,109518697661991477|game1,3.0,blueTrinket
ward_placed,ESPORTSTMNT01:3294091,2023-01-21T21:33:41.904Z,1523619,,109518697661991477|game1,10.0,control
ward_placed,ESPORTSTMNT01:3294091,2023-01-21T21:33:47.512Z,1529223,,109518697661991477|game1,10.0,unknown
ward_killed,ESPORTSTMNT01:3294091,2023-01-21T21:33:47.541Z,1529256,,109518697661991477|game1,,blueTrinket
ward_killed,ESPORTSTMNT01:3294091,2023-01-21T21:33:47.574Z,1529289,,109518697661991477|game1,,control
ward_placed,ESPORTSTMNT01:3294091,2023-01-21T21:33:52.977Z,1534692,,109518697661991477|game1,10.0,sight
ward_placed,ESPORTSTMNT01:3294091,2023-01-21T21:33:53.043Z,1534758,,109518697661991477|game1,6.0,yellowTrinket
ward_placed,ESPORTSTMNT01:3294091,2023-01-21T21:34:06.656Z,1548370,,109518697661991477|game1,3.0,control
ward_placed,ESPORTSTMNT01:3294091,2023-01-21T21:34:07.462Z,1549175,,109518697661991477|game1,5.0,control
ward_placed,ESPORTSTMNT01:3294091,2023-01-21T21:34:08.435Z,1550149,,109518697661991477|game1,5.0,sight
ward_killed,ESPORTSTMNT01:3294091,2023-01-21T21:34:11.220Z,1552934,,109518697661991477|game1,,sight
ward_placed,ESPORTSTMNT01:3294091,2023-01-21T21:34:11.220Z,1552934,,109518697661991477|game1,10.0,unknown
ward_placed,ESPORTSTMNT01:3294091,2023-01-21T21:34:13.027Z,1554741,,109518697661991477|game1,1.0,control
ward_killed,ESPORTSTMNT01:3294091,2023-01-21T21:34:14.673Z,1556388,,109518697661991477|game1,,sight
ward_placed,ESPORTSTMNT01:3294091,2023-01-21T21:34:14.675Z,1556388,,109518697661991477|game1,10.0,unknown
ward_placed,ESPORTSTMNT01:3294091,2023-01-21T21:34:15.513Z,1557223,,109518697661991477|game1,10.0,unknown
ward_placed,ESPORTSTMNT01:3294091,2023-01-21T21:34:20.972Z,1562687,,109518697661991477|game1,5.0,sight
ward_killed,ESPORTSTMNT01:3294091,2023-01-21T21:34:21.679Z,1563394,,109518697661991477|game1,,unknown
ward_killed,ESPORTSTMNT01:3294091,2023-01-21T21:34:23.156Z,1564871,,109518697661991477|game1,,unknown
ward_killed,ESPORTSTMNT01:3294091,2023-01-21T21:34:23.256Z,1564971,,109518697661991477|game1,,blueTrinket
ward_placed,ESPORTSTMNT01:3294091,2023-01-21T21:34:26.578Z,1568293,,109518697661991477|game1,5.0,sight
ward_placed,ESPORTSTMNT01:3294091,2023-01-21T21:34:28.053Z,1569767,,109518697661991477|game1,9.0,control
ward_killed,ESPORTSTMNT01:3294091,2023-01-21T21:34:29.597Z,1571311,,109518697661991477|game1,,unknown
ward_killed,ESPORTSTMNT01:3294091,2023-01-21T21:34:30.832Z,1572546,,109518697661991477|game1,,sight
ward_placed,ESPORTSTMNT01:3294091,2023-01-21T21:34:39.467Z,1581182,,109518697661991477|game1,5.0,sight
ward_placed,ESPORTSTMNT01:3294091,2023-01-21T21:34:42.729Z,1584445,,109518697661991477|game1,6.0,yellowTrinket
ward_killed,ESPORTSTMNT01:3294091,2023-01-21T21:34:43.569Z,1585281,,109518697661991477|game1,,sight
ward_killed,ESPORTSTMNT01:3294091,2023-01-21T21:34:50.373Z,1592088,,109518697661991477|game1,,sight
ward_placed,ESPORTSTMNT01:3294091,2023-01-21T21:34:50.375Z,1592088,,109518697661991477|game1,10.0,unknown
ward_placed,ESPORTSTMNT01:3294091,2023-01-21T21:34:56.799Z,1598508,,109518697661991477|game1,10.0,unknown
ward_placed,ESPORTSTMNT01:3294091,2023-01-21T21:34:57.228Z,1598942,,109518697661991477|game1,9.0,blueTrinket
ward_placed,ESPORTSTMNT01:3294091,2023-01-21T21:35:02.108Z,1603805,,109518697661991477|game1,10.0,unknown
ward_killed,ESPORTSTMNT01:3294091,2023-01-21T21:35:06.495Z,1608209,,109518697661991477|game1,,yellowTrinket
ward_placed,ESPORTSTMNT01:3294091,2023-01-21T21:35:08.944Z,1610658,,109518697661991477|game1,10.0,blueTrinket
ward_placed,ESPORTSTMNT01:3294091,2023-01-21T21:35:13.979Z,1615693,,109518697661991477|game1,2.0,control
ward_placed,ESPORTSTMNT01:3294091,2023-01-21T21:35:27.645Z,1629357,,109518697661991477|game1,8.0,blueTrinket
ward_placed,ESPORTSTMNT01:3294091,2023-01-21T21:35:31.076Z,1632785,,109518697661991477|game1,10.0,unknown
ward_placed,ESPORTSTMNT01:3294091,2023-01-21T21:35:34.260Z,1635975,,109518697661991477|game1,5.0,sight
ward_killed,ESPORTSTMNT01:3294091,2023-01-21T21:35:35.437Z,1637152,,109518697661991477|game1,,blueTrinket
ward_killed,ESPORTSTMNT01:3294091,2023-01-21T21:35:42.015Z,1643729,,109518697661991477|game1,,control
ward_killed,ESPORTSTMNT01:3294091,2023-01-21T21:35:42.924Z,1644638,,109518697661991477|game1,,unknown
ward_killed,ESPORTSTMNT01:3294091,2023-01-21T21:35:43.025Z,1644739,,109518697661991477|game1,,control
ward_placed,ESPORTSTMNT01:3294091,2023-01-21T21:35:44.433Z,1646148,,109518697661991477|game1,5.0,sight
ward_placed,ESPORTSTMNT01:3294091,2023-01-21T21:35:47.142Z,1648852,,109518697661991477|game1,10.0,unknown
ward_killed,ESPORTSTMNT01:3294091,2023-01-21T21:35:51.935Z,1653650,,109518697661991477|game1,,blueTrinket
ward_placed,ESPORTSTMNT01:3294091,2023-01-21T21:35:57.704Z,1659418,,109518697661991477|game1,5.0,sight
ward_placed,ESPORTSTMNT01:3294091,2023-01-21T21:36:02.989Z,1664702,,109518697661991477|game1,5.0,control
ward_killed,ESPORTSTMNT01:3294091,2023-01-21T21:36:10.309Z,1672019,,109518697661991477|game1,,sight
ward_placed,ESPORTSTMNT01:3294091,2023-01-21T21:36:31.990Z,1693705,,109518697661991477|game1,10.0,sight
ward_placed,ESPORTSTMNT01:3294091,2023-01-21T21:36:34.005Z,1695718,,109518697661991477|game1,10.0,control
ward_placed,ESPORTSTMNT01:3294091,2023-01-21T21:36:37.663Z,1699377,,109518697661991477|game1,10.0,sight
ward_placed,ESPORTSTMNT01:3294091,2023-01-21T21:36:37.798Z,1699511,,109518697661991477|game1,8.0,control
ward_killed,ESPORTSTMNT01:3294091,2023-01-21T21:36:40.544Z,1702259,,109518697661991477|game1,,control
ward_placed,ESPORTSTMNT01:3294091,2023-01-21T21:36:40.545Z,1702259,,109518697661991477|game1,10.0,unknown
ward_killed,ESPORTSTMNT01:3294091,2023-01-21T21:36:41.114Z,1702827,,109518697661991477|game1,,sight
ward_killed,ESPORTSTMNT01:3294091,2023-01-21T21:36:44.501Z,1706213,,109518697661991477|game1,,sight
ward_placed,ESPORTSTMNT01:3294091,2023-01-21T21:36:45.240Z,1706950,,109518697661991477|game1,10.0,unknown
ward_placed,ESPORTSTMNT01:3294091,2023-01-21T21:36:50.189Z,1711900,,109518697661991477|game1,10.0,unknown
ward_placed,ESPORTSTMNT01:3294091,2023-01-21T21:36:53.407Z,1715120,,109518697661991477|game1,5.0,control
ward_killed,ESPORTSTMNT01:3294091,2023-01-21T21:36:54.509Z,1716220,,109518697661991477|game1,,unknown
ward_placed,ESPORTSTMNT01:3294091,2023-01-21T21:36:57.522Z,1719237,,109518697661991477|game1,5.0,sight
ward_placed,ESPORTSTMNT01:3294091,2023-01-21T21:36:57.790Z,1719505,,109518697661991477|game1,6.0,yellowTrinket
ward_killed,ESPORTSTMNT01:3294091,2023-01-21T21:37:00.405Z,1722117,,109518697661991477|game1,,yellowTrinket
ward_placed,ESPORTSTMNT01:3294091,2023-01-21T21:37:01.372Z,1723084,,109518697661991477|game1,10.0,control
ward_placed,ESPORTSTMNT01:3294091,2023-01-21T21:37:01.969Z,1723683,,109518697661991477|game1,9.0,blueTrinket
ward_placed,ESPORTSTMNT01:3294091,2023-01-21T21:37:02.069Z,1723783,,109518697661991477|game1,10.0,sight
ward_killed,ESPORTSTMNT01:3294091,2023-01-21T21:37:02.306Z,1724015,,109518697661991477|game1,,sight
ward_placed,ESPORTSTMNT01:3294091,2023-01-21T21:37:02.307Z,1724015,,109518697661991477|game1,10.0,unknown
ward_killed,ESPORTSTMNT01:3294091,2023-01-21T21:37:03.945Z,1725659,,109518697661991477|game1,,blueTrinket
ward_placed,ESPORTSTMNT01:3294091,2023-01-21T21:37:09.580Z,1731294,,109518697661991477|game1,7.0,control
ward_killed,ESPORTSTMNT01:3294091,2023-01-21T21:37:10.294Z,1732005,,109518697661991477|game1,,control
ward_placed,ESPORTSTMNT01:3294091,2023-01-21T21:37:13.584Z,1735296,,109518697661991477|game1,3.0,blueTrinket
ward_killed,ESPORTSTMNT01:3294091,2023-01-21T21:37:14.256Z,1735969,,109518697661991477|game1,,blueTrinket
ward_placed,ESPORTSTMNT01:3294091,2023-01-21T21:37:14.525Z,1736238,,109518697661991477|game1,10.0,blueTrinket
ward_placed,ESPORTSTMNT01:3294091,2023-01-21T21:37:17.170Z,1738860,,109518697661991477|game1,10.0,unknown
ward_placed,ESPORTSTMNT01:3294091,2023-01-21T21:37:22.519Z,1744233,,109518697661991477|game1,8.0,blueTrinket
ward_placed,ESPORTSTMNT01:3294091,2023-01-21T21:37:23.639Z,1745347,,109518697661991477|game1,10.0,unknown
ward_killed,ESPORTSTMNT01:3294091,2023-01-21T21:37:24.578Z,1746291,,109518697661991477|game1,,blueTrinket
ward_placed,ESPORTSTMNT01:3294091,2023-01-21T21:37:29.940Z,1751653,,109518697661991477|game1,4.0,blueTrinket
ward_killed,ESPORTSTMNT01:3294091,2023-01-21T21:37:32.189Z,1753902,,109518697661991477|game1,,blueTrinket
ward_placed,ESPORTSTMNT01:3294091,2023-01-21T21:37:42.845Z,1764540,,109518697661991477|game1,10.0,unknown
ward_placed,ESPORTSTMNT01:3294091,2023-01-21T21:37:49.002Z,1770715,,109518697661991477|game1,5.0,sight
ward_killed,ESPORTSTMNT01:3294091,2023-01-21T21:37:51.582Z,1773296,,109518697661991477|game1,,unknown
ward_killed,ESPORTSTMNT01:3294091,2023-01-21T21:37:52.788Z,1774501,,109518697661991477|game1,,control
ward_killed,ESPORTSTMNT01:3294091,2023-01-21T21:37:54.926Z,1776641,,109518697661991477|game1,,sight
ward_killed,ESPORTSTMNT01:3294091,2023-01-21T21:37:57.071Z,1778785,,109518697661991477|game1,,control
ward_placed,ESPORTSTMNT01:3294091,2023-01-21T21:37:59.117Z,1780830,,109518697661991477|game1,5.0,control
ward_placed,ESPORTSTMNT01:3294091,2023-01-21T21:38:47.305Z,1829019,,109518697661991477|game1,5.0,control
ward_placed,ESPORTSTMNT01:3294091,2023-01-21T21:38:47.981Z,1829691,,109518697661991477|game1,10.0,unknown
ward_placed,ESPORTSTMNT01:3294091,2023-01-21T21:38:54.567Z,1836281,,109518697661991477|game1,5.0,sight
ward_killed,ESPORTSTMNT01:3294091,2023-01-21T21:39:02.633Z,1844346,,109518697661991477|game1,,sight
ward_placed,ESPORTSTMNT01:3294091,2023-01-21T21:39:02.634Z,1844346,,109518697661991477|game1,10.0,unknown
ward_placed,ESPORTSTMNT01:3294091,2023-01-21T21:39:04.108Z,1845821,,109518697661991477|game1,5.0,sight
ward_placed,ESPORTSTMNT01:3294091,2023-01-21T21:39:04.475Z,1846189,,109518697661991477|game1,10.0,sight
ward_placed,ESPORTSTMNT01:3294091,2023-01-21T21:39:07.221Z,1848935,,109518697661991477|game1,6.0,yellowTrinket
ward_placed,ESPORTSTMNT01:3294091,2023-01-21T21:39:08.630Z,1850342,,109518697661991477|game1,10.0,control
ward_killed,ESPORTSTMNT01:3294091,2023-01-21T21:39:09.836Z,1851549,,109518697661991477|game1,,control
ward_placed,ESPORTSTMNT01:3294091,2023-01-21T21:39:10.178Z,1851888,,109518697661991477|game1,10.0,unknown
ward_placed,ESPORTSTMNT01:3294091,2023-01-21T21:39:10.982Z,1852695,,109518697661991477|game1,10.0,sight
ward_placed,ESPORTSTMNT01:3294091,2023-01-21T21:39:12.396Z,1854110,,109518697661991477|game1,5.0,sight
ward_placed,ESPORTSTMNT01:3294091,2023-01-21T21:39:13.636Z,1855345,,109518697661991477|game1,10.0,unknown
ward_placed,ESPORTSTMNT01:3294091,2023-01-21T21:39:14.712Z,1856425,,109518697661991477|game1,3.0,blueTrinket
ward_placed,ESPORTSTMNT01:3294091,2023-01-21T21:39:15.649Z,1857362,,109518697661991477|game1,9.0,blueTrinket
ward_killed,ESPORTSTMNT01:3294091,2023-01-21T21:39:16.452Z,1858166,,109518697661991477|game1,,sight
ward_killed,ESPORTSTMNT01:3294091,2023-01-21T21:39:17.393Z,1859105,,109518697661991477|game1,,unknown
ward_killed,ESPORTSTMNT01:3294091,2023-01-21T21:39:17.561Z,1859274,,109518697661991477|game1,,blueTrinket
ward_placed,ESPORTSTMNT01:3294091,2023-01-21T21:39:17.562Z,1859274,,109518697661991477|game1,10.0,unknown
ward_placed,ESPORTSTMNT01:3294091,2023-01-21T21:39:19.092Z,1860804,,109518697661991477|game1,8.0,blueTrinket
ward_placed,ESPORTSTMNT01:3294091,2023-01-21T21:39:19.960Z,1861673,,109518697661991477|game1,2.0,control
ward_placed,ESPORTSTMNT01:3294091,2023-01-21T21:39:20.931Z,1862645,,109518697661991477|game1,5.0,sight
ward_killed,ESPORTSTMNT01:3294091,2023-01-21T21:39:22.716Z,1864429,,109518697661991477|game1,,blueTrinket
ward_placed,ESPORTSTMNT01:3294091,2023-01-21T21:39:26.690Z,1868402,,109518697661991477|game1,5.0,control
ward_killed,ESPORTSTMNT01:3294091,2023-01-21T21:39:30.074Z,1871788,,109518697661991477|game1,,control
ward_placed,ESPORTSTMNT01:3294091,2023-01-21T21:39:31.655Z,1873363,,109518697661991477|game1,10.0,unknown
ward_placed,ESPORTSTMNT01:3294091,2023-01-21T21:39:32.657Z,1874369,,109518697661991477|game1,1.0,control
ward_killed,ESPORTSTMNT01:3294091,2023-01-21T21:39:49.464Z,1891178,,109518697661991477|game1,,yellowTrinket
ward_killed,ESPORTSTMNT01:3294091,2023-01-21T21:39:56.503Z,1898216,,109518697661991477|game1,,unknown
ward_placed,ESPORTSTMNT01:3294091,2023-01-21T21:40:02.271Z,1903985,,109518697661991477|game1,4.0,control
ward_killed,ESPORTSTMNT01:3294091,2023-01-21T21:40:03.214Z,1904927,,109518697661991477|game1,,blueTrinket
